{
  "rules": [
    {
      "date": "2016-11-02",
      "who": "Jenny",
      "theme": "whimsical or mysterious",
      "words": "a boat; an animal that's not usually considered a pet; three old men",
      "stories": [
        {
          "author": "James",
          "title": "All at badger",
          "publish": true
        },
        {
          "author": "Jenny",
          "title": "All at sea",
          "publish": true
        }
      ],
      "publishDate": "2017-04-26"
    },
    {
      "date": "2016-11-09",
      "who": "James",
      "theme": "heart warming",
      "words": "boots, eggs, steps",
      "stories": [
        {
          "author": "James",
          "title": "Boots",
          "publish": true
        },
        {
          "author": "Jenny",
          "title": "Steps in the darkness",
          "publish": true
        }
      ],
      "publishDate": "2017-03-05"
    },
    {
      "date": "2016-11-16",
      "who": "Jenny",
      "theme": "sinister",
      "words": "a bridge, something from a fairytale, rain",
      "stories": [
        {
          "author": "James",
          "title": "Breadcrumbs",
          "publish": false
        },
        {
          "author": "Jenny",
          "title": "Trip trap",
          "publish": false
        }
      ]
    },
    {
      "date": "2016-11-23",
      "who": "James",
      "theme": "Love",
      "words": "Hate, warmth, picture",
      "stories": [
        {
          "author": "James",
          "title": "Dive right in",
          "publish": true
        },
        {
          "author": "Jenny",
          "title": "Photographic memory",
          "publish": true
        }
      ],
      "publishDate": "2017-10-05"
    },
    {
      "date": "2016-11-30",
      "who": "Liz",
      "theme": "Fashion",
      "words": "Water, dog, satchel",
      "stories": [
        {
          "author": "James",
          "title": "Number 67",
          "publish": true
        },
        {
          "author": "Jenny",
          "title": "Doggy style",
          "publish": true
        }
      ],
      "publishDate": "2017-05-17"
    },
    {
      "date": "2016-12-07",
      "who": "Jenny",
      "theme": "Twisted",
      "words": "a ghost (or the suggestion of one); a train; hygge",
      "stories": [
        {
          "author": "James",
          "title": "Huggy train",
          "publish": true
        },
        {
          "author": "Jenny",
          "title": "Journeys end in lovers meeting",
          "publish": true
        }
      ],
      "publishDate": "2017-05-24"
    },
    {
      "date": "2016-12-15",
      "who": "James",
      "theme": "hope",
      "words": "rabbits, chimney and coffee",
      "stories": [
        {
          "author": "James",
          "title": "Rabbits",
          "publish": false
        },
        {
          "author": "Jenny",
          "title": "Jessica's Rabbit",
          "publish": false
        }
      ]
    },
    {
      "date": "2016-12-22",
      "who": "Jenny",
      "theme": "sensational",
      "words": "gangsters, a bra and an urchin",
      "stories": [
        {
          "author": "James",
          "title": "The Black Widow",
          "publish": false
        },
        {
          "author": "Jenny",
          "title": "Extra! Extra!",
          "publish": false
        }
      ]
    },
    {
      "date": "2017-01-04",
      "who": "Liz",
      "theme": "Christmas",
      "words": "a blender, a cracker and a hula hoop",
      "stories": [
        {
          "author": "James",
          "title": "Will it blend?",
          "publish": false,
          "filename": "Will it blend"
        },
        {
          "author": "Jenny",
          "title": "A Mild Christmas in Wales",
          "publish": false
        }
      ]
    },
    {
      "date": "2017-01-11",
      "who": "Beth",
      "theme": "A fresh start",
      "words": "a toothbrush, glasses, ice",
      "stories": [
        {
          "author": "James",
          "title": "Just so",
          "publish": false
        },
        {
          "author": "Jenny",
          "title": "Escape!",
          "publish": false
        }
      ]
    },
    {
      "date": "2017-01-18",
      "who": "James",
      "theme": "Wonder",
      "words": "shark, blabbermouth, eunuch",
      "stories": [
        {
          "author": "James",
          "title": "Dogfish beach",
          "publish": false
        },
        {
          "author": "Jenny",
          "title": "Ill met by moonlight",
          "publish": false
        }
      ]
    },
    {
      "date": "2017-01-25",
      "who": "Jenny",
      "theme": "Isolated",
      "words": "nudity, mirror, something borrowed",
      "stories": [
        {
          "author": "James",
          "title": "Mister Toby",
          "publish": false
        },
        {
          "author": "Jenny",
          "title": "Alarm bells and flashing sirens",
          "publish": false
        }
      ]
    },
    {
      "date": "2017-02-01",
      "who": "Liz",
      "theme": "Motherhood",
      "words": "Window, Eyes, Bucket",
      "stories": [
        {
          "author": "James",
          "title": "I'm a bucket man",
          "publish": false
        },
        {
          "author": "Jenny",
          "title": "",
          "publish": false
        }
      ]
    },
    {
      "date": "2017-02-08",
      "who": "Beth",
      "theme": "regret",
      "words": "calendar, necklace, knife",
      "stories": [
        {
          "author": "James",
          "title": "Twelfth of never",
          "publish": false
        },
        {
          "author": "Jenny",
          "title": "'Bye",
          "publish": false
        }
      ]
    },
    {
      "date": "2017-02-15",
      "who": "Emily",
      "theme": "Selfishness",
      "words": "Teacup, portrait, knife",
      "stories": [
        {
          "author": "James",
          "title": "Ferocious Phillip",
          "publish": false
        },
        {
          "author": "Jenny",
          "title": "The Portrait and Doreen's Earl Grey",
          "publish": false
        }
      ]
    },
    {
      "date": "2017-02-22",
      "who": "James",
      "theme": "Food",
      "words": "Lamp, filofax, bath",
      "stories": [
        {
          "author": "James",
          "title": "Skullface",
          "publish": false
        },
        {
          "author": "Jenny",
          "title": "Party like it's 1989",
          "publish": false
        }
      ]
    },
    {
      "date": "2017-03-01",
      "who": "Jenny",
      "theme": "Baffling",
      "words": "a terrible smell; a refreshing cup of tea; a slothful Nana",
      "stories": [
        {
          "author": "James",
          "title": "Sisters of Mercy",
          "publish": false
        },
        {
          "author": "Jenny",
          "title": "To sleep perchance to dream",
          "publish": false
        }
      ]
    },
    {
      "date": "2017-03-08",
      "who": "Liz",
      "theme": "integrity",
      "words": "a coaster, a pair of flip flops and Lord Lucan",
      "stories": [
        {
          "author": "Jenny",
          "title": "",
          "publish": false
        }
      ]
    },
    {
      "date": "2017-03-15",
      "who": "Beth",
      "theme": "desire",
      "words": "a trunk, a constellation, a fire",
      "stories": [
        {
          "author": "Jenny",
          "title": "",
          "publish": false
        },
        {
          "author": "James",
          "title": "Lessons in the stars",
          "publish": false
        }
      ]
    },
    {
      "date": "2017-03-22",
      "who": "James/Jenny",
      "theme": "celebration",
      "words": "ducks, pies, whiteboard",
      "stories": [
        {
          "author": "James",
          "title": "Harold the duck",
          "publish": false
        },
        {
          "author": "Jenny",
          "title": "Best friends",
          "publish": false
        }
      ]
    },
    {
      "date": "2017-03-29",
      "who": "James",
      "theme": "Lustful",
      "words": "Drunk dog, fish finger sandwich, skittles",
      "stories": [
        {
          "author": "James",
          "title": "Saint Peter and the Virgin",
          "publish": false
        },
        {
          "author": "Jenny",
          "title": "11am",
          "publish": false
        }
      ]
    },
    {
      "date": "2017-04-05",
      "who": "Donna",
      "theme": "Sad (sad ending)",
      "words": "Pineapple, Elephants, Wallpaper",
      "stories": [
        {
          "author": "James",
          "title": "A case of Lilt",
          "publish": false
        },
        {
          "author": "Jenny",
          "title": "The other side of the wall",
          "publish": false
        }
      ]
    },
    {
      "date": "2017-04-12",
      "who": "James",
      "theme": "homely",
      "words": "zeus, yoghurt, bench",
      "stories": [
        {
          "author": "James",
          "title": "Ding dongs merrily awry",
          "publish": false
        },
        {
          "author": "Jenny",
          "title": "Playing monsters",
          "publish": false
        }
      ]
    },
    {
      "date": "2017-04-26",
      "who": "Liz",
      "theme": "Revolution",
      "words": "Pencil case, wool, ring",
      "stories": [
        {
          "author": "Jenny",
          "title": "All's fair",
          "publish": false
        },
        {
          "author": "James",
          "title": "Dad's Medal",
          "publish": false
        }
      ]
    },
    {
      "date": "2017-05-03",
      "who": "Beth",
      "theme": "mistaken identity",
      "words": "chandelier, fire alarm, tattoo",
      "stories": [
        {
          "author": "James",
          "title": "Passions aflame",
          "publish": false
        },
        {
          "author": "Jenny",
          "title": "His reflection",
          "publish": false
        }
      ]
    },
    {
      "date": "2017-05-10",
      "who": "James",
      "theme": "Upbeat",
      "words": "Busker, kippers, astronaut",
      "stories": [
        {
          "author": "James",
          "title": "Moongirl",
          "publish": false
        },
        {
          "author": "Jenny",
          "title": "Clive",
          "publish": false
        }
      ]
    },
    {
      "date": "2017-05-17",
      "who": "Donna",
      "theme": "Escape",
      "words": "Pillow, Pina Colada and Library book",
      "stories": [
        {
          "author": "James",
          "title": "Bellini Boys",
          "publish": false
        }
      ]
    },
    {
      "date": "2017-05-24",
      "who": "Jenny",
      "theme": "inexplicable",
      "words": "Landlubber, oxymoron, bratwurst",
      "stories": [
        {
          "author": "James",
          "title": "Snow White and the Seven Drug Mules",
          "publish": false
        }
      ]
    },
    {
      "date": "2017-05-31",
      "who": "Donna",
      "theme": "Envy",
      "words": "Dice, ketchup, shagpile carpet",
      "stories": []
    }
  ]
}